,pitch,yaw,roll
0,-3.085356488672512,-0.071887234742338,1.5416142488521
